City_ID,City,Lat,Lng,Max Temp,Humidity,Cloudiness,Wind Speed,Country,Date
0,isafjordur,66.0755,-23.124,-2.7,92,100,8.64,IS,['dt']
1,waitangi,-43.9535,-176.5597,13.79,98,85,2.24,NZ,['dt']
2,saint croix,17.7397,-64.7388,26.25,89,75,2.06,VI,['dt']
3,saquarema,-22.92,-42.5103,22.54,92,100,6.34,BR,['dt']
4,utrik,11.2278,169.8474,28.4,74,7,6.31,MH,['dt']
5,grytviken,-54.2811,-36.5092,3.81,81,100,3.9,GS,['dt']
6,posto fiscal rolim de moura,-13.0833,-62.2667,23.13,94,99,0.95,BR,['dt']
7,longyearbyen,78.2186,15.6401,-5.09,50,75,9.26,SJ,['dt']
8,hamilton,39.1834,-84.5333,10.43,88,100,3.09,US,['dt']
9,port-aux-francais,-49.35,70.2167,6.53,95,100,18.69,TF,['dt']
10,thompson,55.7435,-97.8558,-3.91,93,100,3.09,CA,['dt']
11,gaigeturi,33.4644,126.3183,20.03,83,75,6.69,KR,['dt']
12,klyuchi,52.2667,79.1667,-6.84,93,64,4.48,RU,['dt']
13,banda aceh,5.5577,95.3222,26.79,81,36,2.56,ID,['dt']
14,kodiak,57.79,-152.4072,3.73,70,100,3.6,US,['dt']
15,sandakan,5.8402,118.1179,28.82,83,20,2.68,MY,['dt']
16,cajabamba,-7.6167,-78.05,14.62,52,80,2.54,PE,['dt']
17,midvagur,62.0511,-7.1939,2.46,69,75,15.43,FO,['dt']
18,yellowknife,62.456,-114.3525,-2.55,96,75,6.71,CA,['dt']
19,nagqu,31.5,92.0,-4.49,24,6,0.76,CN,['dt']
20,ilulissat,69.2167,-51.1,-9.99,34,37,1.03,GL,['dt']
21,bandar abbas,27.1865,56.2808,19.99,83,0,2.06,IR,['dt']
22,avarua,-21.2078,-159.775,25.03,65,40,6.69,CK,['dt']
23,edinburgh of the seven seas,-37.0676,-12.3116,13.9,80,16,6.99,SH,['dt']
24,sao joao da barra,-21.6403,-41.0511,24.09,87,100,8.15,BR,['dt']
25,ancud,-41.8697,-73.8203,8.64,82,34,3.64,CL,['dt']
26,lerwick,60.1545,-1.1494,5.09,67,69,17.42,GB,['dt']
27,stanley,54.868,-1.6985,10.66,87,20,6.69,GB,['dt']
28,lihue,21.9789,-159.3672,26.77,72,75,7.72,US,['dt']
29,afaahiti,-17.75,-149.2833,24.28,89,84,4.93,PF,['dt']
30,kailua-kona,19.6406,-155.9956,29.2,75,0,5.14,US,['dt']
31,bethel,41.3712,-73.414,9.5,36,0,2.57,US,['dt']
32,talnakh,69.4865,88.3972,-23.44,98,100,5.31,RU,['dt']
33,paramonga,-10.6667,-77.8333,18.96,82,39,3.3,PE,['dt']
34,whitehorse,60.7161,-135.0538,0.43,80,40,10.8,CA,['dt']
35,baneh,35.9975,45.8853,3.31,72,0,2.23,IR,['dt']
36,jamestown,42.097,-79.2353,8.34,95,100,3.09,US,['dt']
37,ingeniero jacobacci,-41.3427,-69.5448,7.18,44,7,4.91,AR,['dt']
38,tabou,4.423,-7.3528,25.46,86,14,1.11,CI,['dt']
39,bilibino,68.0546,166.4372,-29.51,100,99,0.73,RU,['dt']
40,camargo,27.6667,-105.1667,23.38,26,91,2.45,MX,['dt']
41,adamstown,-25.066,-130.1015,23.74,82,9,3.87,PN,['dt']
42,nar'yan-mar,67.6713,53.087,-3.95,96,100,3.99,RU,['dt']
43,west island,-12.1568,96.8225,26.99,83,75,7.2,CC,['dt']
44,badger,64.8,-147.5333,-10.57,78,75,3.09,US,['dt']
45,ostersund,63.1792,14.6357,8.25,69,100,5.66,SE,['dt']
46,ploudalmezeau,48.5333,-4.65,9.21,87,100,2.06,FR,['dt']
47,araguaina,-7.1911,-48.2072,25.96,68,44,0.91,BR,['dt']
48,puerto ayora,-0.7393,-90.3518,22.53,79,28,2.68,EC,['dt']
49,vila velha,-20.3297,-40.2925,23.97,88,0,2.06,BR,['dt']
50,alo,6.5486,4.2686,25.52,87,5,0.93,NG,['dt']
51,karratha,-20.7377,116.8463,30.95,55,0,4.64,AU,['dt']
52,kapuskasing,49.4169,-82.4331,1.05,93,100,2.57,CA,['dt']
53,fedorovka,53.6314,62.7078,-4.99,88,52,5.72,KZ,['dt']
54,lebu,-37.6167,-73.65,11.07,72,66,4.66,CL,['dt']
55,alotau,-10.3069,150.4462,30.09,68,70,2.13,PG,['dt']
56,kavieng,-2.5744,150.7967,30.11,63,0,4.92,PG,['dt']
57,papatowai,-46.5619,169.4708,11.1,45,78,5.02,NZ,['dt']
58,hithadhoo,-0.6,73.0833,28.46,77,87,6.47,MV,['dt']
59,barabai,-2.5833,115.3833,27.9,79,100,0.81,ID,['dt']
60,ar raqqah,35.95,39.0167,15.31,58,4,1.87,SY,['dt']
61,xilin hot,43.9667,116.0333,-3.57,37,5,4.53,CN,['dt']
62,tiksi,71.6872,128.8694,-24.72,98,89,2.64,RU,['dt']
63,kotkapura,30.5819,74.833,17.5,48,0,0.86,IN,['dt']
64,laguna,38.421,-121.4238,14.1,54,0,3.09,US,['dt']
65,akrehamn,59.2667,5.1833,10.14,71,75,13.89,NO,['dt']
66,port mathurin,-19.6833,63.4167,24.53,78,50,9.76,MU,['dt']
67,pointe-noire,-4.7761,11.8635,24.88,89,91,1.9,CG,['dt']
68,iqaluit,63.7506,-68.5145,-4.15,92,100,5.14,CA,['dt']
69,blackmans bay,-43.0167,147.3167,20.07,61,100,1.34,AU,['dt']
70,ribeira grande,38.5167,-28.7,18.21,75,100,6.71,PT,['dt']
71,mount isa,-20.7333,139.5,28.87,58,75,4.63,AU,['dt']
72,san pedro,14.35,121.0167,29.59,80,20,1.34,PH,['dt']
73,tura,25.5198,90.2201,17.69,83,2,1.32,IN,['dt']
74,ushuaia,-54.8,-68.3,3.81,87,75,12.35,AR,['dt']
75,huaidian,33.4333,115.0333,16.88,82,100,3.49,CN,['dt']
76,roma,43.2128,-75.4557,4.27,58,0,1.54,US,['dt']
77,ruteng,-8.6136,120.4721,25.23,67,71,0.17,ID,['dt']
78,chernyshevskiy,63.0128,112.4714,-26.6,100,95,0.42,RU,['dt']
79,susanville,40.4163,-120.653,-3.98,92,23,2.27,US,['dt']
80,tanout,14.9709,8.8879,21.58,16,0,5.43,NE,['dt']
81,geraldton,-28.7667,114.6,21.23,49,11,7.91,AU,['dt']
82,uliastay,47.7417,96.8444,-16.42,70,20,3.2,MN,['dt']
83,yeniseysk,58.4497,92.1703,-12.79,92,100,3.32,RU,['dt']
84,petropavlovsk-kamchatsky,53.0452,158.6483,-10.67,62,75,3.0,RU,['dt']
85,patin-ay,8.5506,125.9372,28.28,77,100,1.09,PH,['dt']
86,faya-largeau,17.9257,19.1043,21.54,21,0,9.18,TD,['dt']
87,saint-philippe,-21.3585,55.7679,23.25,80,44,4.02,RE,['dt']
88,mossel bay,-34.1831,22.146,14.96,91,19,1.22,ZA,['dt']
89,sisimiut,66.9395,-53.6735,-5.75,65,99,3.07,GL,['dt']
90,olonkinbyen,70.9221,-8.7187,-0.85,85,100,16.4,SJ,['dt']
91,qarqaraly,49.4058,75.4742,-13.11,95,44,2.88,KZ,['dt']
92,crane,31.3974,-102.3501,19.87,62,2,11.13,US,['dt']
93,wailua homesteads,22.0669,-159.378,26.44,74,75,7.72,US,['dt']
94,palikir - national government center,6.9248,158.1611,31.41,66,40,3.6,FM,['dt']
95,susuman,62.7833,148.1667,-23.79,98,100,0.96,RU,['dt']
96,port elizabeth,-33.918,25.5701,16.84,99,100,3.6,ZA,['dt']
97,yuzhno-kurilsk,44.0306,145.8556,7.16,60,5,3.04,RU,['dt']
98,aldan,58.6031,125.3894,-24.8,95,59,0.53,RU,['dt']
99,bokoro,12.3807,17.0568,22.39,17,8,4.32,TD,['dt']
100,torres,-29.3353,-49.7269,19.78,92,99,5.38,BR,['dt']
101,mount gambier,-37.8333,140.7667,32.42,12,100,7.42,AU,['dt']
102,newman,37.3138,-121.0208,13.35,52,59,2.24,US,['dt']
103,anadyr,64.75,177.4833,-13.72,78,40,2.0,RU,['dt']
104,hermanus,-34.4187,19.2345,14.89,91,70,2.88,ZA,['dt']
105,riosucio,5.4216,-75.7032,16.5,98,86,0.5,CO,['dt']
106,campo gallo,-26.5833,-62.85,24.48,35,21,3.06,AR,['dt']
107,nova sintra,14.8667,-24.7167,25.01,65,100,3.74,CV,['dt']
108,uturoa,-16.7333,-151.4333,26.69,78,30,4.8,PF,['dt']
109,turinskaya sloboda,57.6232,64.3858,-2.97,88,100,5.25,RU,['dt']
110,fianarantsoa,-21.4333,47.0833,14.69,95,36,1.27,MG,['dt']
111,invercargill,-46.4,168.35,12.79,56,83,2.24,NZ,['dt']
112,bubaque,11.2833,-15.8333,27.97,75,99,4.22,GW,['dt']
113,mlimba,-8.8,35.8167,23.2,77,28,1.47,TZ,['dt']
114,taksimo,56.3444,114.8794,-15.54,91,100,0.82,RU,['dt']
115,arquitecto tomas romero pereira,-26.4833,-55.25,22.36,56,0,1.49,PY,['dt']
116,revda,56.801,59.9303,-1.99,88,92,5.82,RU,['dt']
117,chonchi,-42.6128,-73.8092,8.95,96,76,1.46,CL,['dt']
118,la'ie,21.6477,-157.9253,27.66,72,0,5.36,US,['dt']
119,senanga,-16.1167,23.2667,20.21,86,100,1.86,ZM,['dt']
120,tortoli,39.9256,9.6572,13.88,56,0,8.75,IT,['dt']
121,puerto natales,-51.7236,-72.4875,3.34,79,30,5.46,CL,['dt']
122,dilling,12.05,29.65,23.78,34,7,4.4,SD,['dt']
123,al hawatah,13.4167,34.6333,28.63,36,14,4.02,SD,['dt']
124,vorgashor,67.5833,63.95,-5.33,97,100,3.13,RU,['dt']
125,hawaiian paradise park,19.5933,-154.9731,26.52,78,40,5.66,US,['dt']
126,palmer,42.1584,-72.3287,8.28,44,7,1.41,US,['dt']
127,kegeyli shahar,42.7767,59.6078,1.81,57,100,2.44,UZ,['dt']
128,tena,-0.9833,-77.8167,21.97,98,99,1.42,EC,['dt']
129,kone,-21.0595,164.8658,29.32,59,98,0.99,NC,['dt']
130,port alfred,-33.5906,26.891,17.82,79,25,3.75,ZA,['dt']
131,kristiansund,63.1115,7.732,6.74,70,75,12.35,NO,['dt']
132,gwanda,-20.9333,29.0,17.18,76,80,1.44,ZW,['dt']
133,dunda,-8.1167,34.25,19.85,73,19,1.0,TZ,['dt']
134,divnogorsk,55.9594,92.3619,-8.73,94,100,4.31,RU,['dt']
135,tofol,5.3248,163.0078,30.88,62,75,3.09,FM,['dt']
136,sept-iles,50.2001,-66.3821,5.24,90,100,6.71,CA,['dt']
137,las lomitas,-24.7096,-60.593,24.03,32,0,2.51,AR,['dt']
138,lata,40.1629,-8.3327,13.03,90,100,2.8,PT,['dt']
139,pamukova,40.5081,30.1673,10.71,93,100,2.38,TR,['dt']
140,prainha,-1.8,-53.48,24.18,83,100,1.75,BR,['dt']
141,donduseni,48.2427,27.6101,1.05,81,19,2.61,MD,['dt']
142,remire-montjoly,4.9167,-52.2667,27.02,89,0,2.57,GF,['dt']
143,jieshi,22.8134,115.8257,24.89,85,5,2.45,CN,['dt']
144,carnarvon,-24.8667,113.6333,22.48,62,98,7.23,AU,['dt']
145,quellon,-43.1167,-73.6167,7.23,90,51,3.06,CL,['dt']
146,palasa,18.7667,84.4167,20.92,73,45,1.54,IN,['dt']
147,hovd,48.0056,91.6419,-7.84,42,17,1.36,MN,['dt']
148,shahrak,34.1074,64.3052,0.82,88,9,1.31,AF,['dt']
149,qaqortoq,60.7167,-46.0333,-3.83,61,100,3.04,GL,['dt']
150,vila franca do campo,37.7167,-25.4333,18.27,99,33,6.81,PT,['dt']
151,esquina,-30.0144,-59.5272,23.36,41,0,2.56,AR,['dt']
152,howard springs,-12.497,131.047,30.55,83,84,1.48,AU,['dt']
153,mount pearl,47.5166,-52.7813,9.85,98,100,8.75,CA,['dt']
154,jilib,0.4883,42.7854,23.83,91,51,1.76,SO,['dt']
155,bikenibeu village,1.3673,173.1241,27.6,67,65,3.76,KI,['dt']
156,mirny,62.5353,113.9611,-25.48,100,97,0.89,RU,['dt']
157,haiku-pauwela,20.9219,-156.3051,27.36,66,0,12.07,US,['dt']
158,nanao,37.05,136.9667,17.39,71,12,1.58,JP,['dt']
159,san pedro pochutla,15.7333,-96.4667,27.06,86,66,1.5,MX,['dt']
160,williams lake,52.1415,-122.1445,1.76,90,20,2.06,CA,['dt']
161,sogndal,61.2283,7.1003,7.21,75,100,6.69,NO,['dt']
162,sitka,57.0531,-135.33,7.94,87,100,8.23,US,['dt']
163,skeldon,5.8833,-57.1333,26.84,80,100,3.84,GY,['dt']
164,robertsport,6.7533,-11.3686,27.02,79,100,3.01,LR,['dt']
165,georgetown,5.4112,100.3354,27.75,82,20,1.54,MY,['dt']
166,yinchuan,38.4681,106.2731,4.63,36,98,2.58,CN,['dt']
167,qianzhou,28.3167,109.7167,19.78,77,74,2.17,CN,['dt']
168,kharp,66.8014,65.8081,-10.41,97,100,1.35,RU,['dt']
169,margaret river,-33.95,115.0667,15.2,54,28,6.44,AU,['dt']
170,tarawa,1.419,172.984,27.69,67,44,3.8,KI,['dt']
171,phek,25.6667,94.5,10.41,95,32,0.67,IN,['dt']
172,nova vicosa,-17.8919,-39.3719,24.09,83,60,3.61,BR,['dt']
173,kokopo,-4.352,152.2633,29.92,61,5,3.61,PG,['dt']
174,tromso,69.6496,18.957,2.01,93,75,1.54,NO,['dt']
175,howrah,22.5892,88.3103,20.0,77,0,0.0,IN,['dt']
176,mawu,34.4307,104.9176,-0.51,55,100,3.0,CN,['dt']
177,st. john's,47.5649,-52.7093,10.31,97,100,8.75,CA,['dt']
178,saint-pierre,-21.3393,55.4781,23.82,69,75,3.09,RE,['dt']
179,brookings,44.3114,-96.7984,10.1,79,100,1.34,US,['dt']
180,bredasdorp,-34.5322,20.0403,13.78,94,38,0.28,ZA,['dt']
181,castillos,-34.1667,-53.8333,17.63,90,1,4.47,UY,['dt']
182,kosh-agach,50.0,88.6667,-19.05,91,34,1.5,RU,['dt']
183,chuarrancho,14.8217,-90.5086,19.88,91,100,0.83,GT,['dt']
184,trairi,-3.2778,-39.2689,25.96,81,1,5.47,BR,['dt']
185,papao,-17.75,-149.55,26.82,88,99,5.61,PF,['dt']
186,pisco,-13.7,-76.2167,19.03,88,0,7.2,PE,['dt']
187,alofi,-19.0595,-169.9187,27.94,65,75,7.72,NU,['dt']
188,kavaratti,10.5669,72.642,28.36,74,73,1.38,IN,['dt']
189,ust-nera,64.5667,143.2,-23.02,96,100,0.87,RU,['dt']
190,port saint john's,-31.6229,29.5448,20.58,92,6,2.99,ZA,['dt']
191,volodarka,49.5248,29.9122,-1.35,91,1,2.88,UA,['dt']
192,mar del plata,-38.0023,-57.5575,23.01,68,0,10.28,AR,['dt']
193,codrington,-38.2667,141.9667,29.81,18,97,10.7,AU,['dt']
194,ulsteinvik,62.3432,5.8487,6.84,76,99,6.26,NO,['dt']
195,cabo san lucas,22.8909,-109.9124,27.17,50,0,2.06,MX,['dt']
196,vadso,70.0744,29.7487,0.09,86,20,5.14,NO,['dt']
197,boyolangu,-8.1181,111.8935,28.8,73,100,1.27,ID,['dt']
198,sao vicente,-23.9631,-46.3919,20.55,26,55,3.18,BR,['dt']
199,college,64.8569,-147.8028,-10.52,71,75,3.09,US,['dt']
200,walvis bay,-22.9575,14.5053,15.71,91,33,1.79,NA,['dt']
201,al-hamdaniya,36.2715,43.3737,15.13,57,5,1.97,IQ,['dt']
202,swakopmund,-22.6833,14.5333,16.36,89,14,2.39,NA,['dt']
203,suoyarvi,62.0833,32.35,4.88,92,100,4.52,RU,['dt']
204,colonia,50.9333,6.95,7.36,89,100,2.06,DE,['dt']
205,kingston,17.997,-76.7936,28.53,84,20,4.63,JM,['dt']
206,kargasok,59.0556,80.8572,-3.86,94,100,5.0,RU,['dt']
207,port lincoln,-34.7333,135.8667,23.47,45,100,6.6,AU,['dt']
208,punta arenas,-53.15,-70.9167,5.06,75,20,12.86,CL,['dt']
209,karaidel',55.8337,56.9069,-1.28,97,100,5.61,RU,['dt']
210,puerto baquerizo moreno,-0.9,-89.6,21.34,73,95,5.01,EC,['dt']
211,new norfolk,-42.7826,147.0587,21.07,41,100,2.32,AU,['dt']
212,totness,5.8833,-56.3167,27.39,81,100,6.51,SR,['dt']
213,cockburn town,21.4612,-71.1419,25.98,78,75,2.57,TC,['dt']
214,gulu,2.7746,32.299,18.55,95,100,1.83,UG,['dt']
215,luderitz,-26.6481,15.1594,18.58,54,0,6.54,NA,['dt']
216,hillvue,-31.1244,150.915,26.95,41,20,2.57,AU,['dt']
217,nemuro,43.3236,145.575,7.06,68,6,1.12,JP,['dt']
218,albany,42.6001,-73.9662,5.3,55,90,4.07,US,['dt']
219,eldorado,-23.7869,-54.2836,23.6,67,1,3.32,BR,['dt']
220,bardai,11.65,7.2333,19.12,21,0,3.83,NG,['dt']
221,fale old settlement,-9.3852,-171.2468,27.73,77,100,4.97,TK,['dt']
222,lazaro cardenas,17.9583,-102.2,26.59,83,16,1.95,MX,['dt']
223,kourou,5.1552,-52.6478,26.11,86,7,3.07,GF,['dt']
224,mende,44.6667,3.5,1.4,53,0,1.36,FR,['dt']
225,akureyri,65.6835,-18.0878,-0.04,69,100,6.17,IS,['dt']
226,goure,13.9835,10.2704,21.31,14,0,3.74,NE,['dt']
227,peace river,56.2501,-117.286,-5.83,93,0,1.54,CA,['dt']
228,valle de la pascua,9.2155,-66.0073,26.93,71,100,3.07,VE,['dt']
229,yeed,4.55,43.0333,24.88,36,94,2.81,SO,['dt']
230,gobabis,-22.45,18.9667,22.46,39,0,5.33,NA,['dt']
231,atafu village,-8.5421,-172.5159,27.9,73,100,3.97,TK,['dt']
232,lorengau,-2.0226,147.2712,29.89,67,11,4.13,PG,['dt']
233,tra mhor,52.1624,-7.1524,11.16,92,100,3.13,IE,['dt']
234,keflavik,64.0049,-22.5624,-0.76,64,0,4.63,IS,['dt']
235,gela,37.0803,14.2307,11.89,76,0,2.57,IT,['dt']
236,hadibu,12.65,54.0333,25.55,86,52,4.16,YE,['dt']
237,kingscliff,-28.2667,153.5667,26.08,69,75,6.17,AU,['dt']
238,myitkyina,25.3833,97.4,18.36,81,5,0.59,MM,['dt']
239,oroqen zizhiqi,50.5667,123.7167,-11.66,72,2,4.69,CN,['dt']
240,fort bragg,35.139,-79.006,12.91,86,0,0.0,US,['dt']
241,caiaponia,-16.9567,-51.8103,20.01,97,100,2.37,BR,['dt']
242,harstad,68.799,16.5293,6.75,98,100,7.15,NO,['dt']
243,agadez,19.75,10.25,18.72,23,0,4.76,NE,['dt']
244,manokwari,-0.8667,134.0833,28.55,71,96,4.51,ID,['dt']
245,emerald,-23.5333,148.1667,27.97,64,100,5.09,AU,['dt']
246,letterkenny,54.95,-7.7333,9.29,84,100,3.13,IE,['dt']
247,aginskoye,51.1,114.53,-13.81,73,80,5.62,RU,['dt']
248,penapolis,-21.4197,-50.0775,21.96,91,7,2.43,BR,['dt']
249,tazovsky,67.4667,78.7,-13.36,95,100,6.88,RU,['dt']
250,johnstown,40.3267,-78.922,9.62,98,100,7.72,US,['dt']
251,pariaman,-0.619,100.12,24.03,83,100,1.4,ID,['dt']
252,antalaha,-14.9003,50.2788,22.57,86,43,2.3,MG,['dt']
253,kirakira,-10.4544,161.9205,29.58,72,100,4.5,SB,['dt']
254,wickenburg,33.9686,-112.7296,16.11,28,0,1.34,US,['dt']
255,stornoway,58.2093,-6.3865,6.16,83,75,9.26,GB,['dt']
256,huanuni,-18.2667,-66.85,8.39,73,100,3.08,BO,['dt']
257,kalifornsky,60.4183,-151.29,-2.63,94,20,2.06,US,['dt']
258,luimneach,52.6647,-8.6231,11.16,96,95,2.24,IE,['dt']
259,saipan,15.1355,145.701,30.39,81,40,4.12,MP,['dt']
260,khorixas,-20.3667,14.9667,26.6,38,88,1.37,NA,['dt']
261,east london,-33.0153,27.9116,19.25,82,63,0.7,ZA,['dt']
262,ulety,51.3572,112.4849,-17.06,83,100,1.47,RU,['dt']
263,orlovskiy,46.8714,42.0592,5.14,91,100,4.74,RU,['dt']
264,porto novo,6.4965,2.6036,27.9,85,16,1.19,BJ,['dt']
265,vozhega,60.4725,40.2213,-0.36,96,100,4.93,RU,['dt']
266,tweed heads,-28.1817,153.547,26.21,69,75,6.17,AU,['dt']
267,ola,59.5833,151.2833,-12.45,74,99,2.92,RU,['dt']
268,dryden,49.7833,-92.7503,4.16,93,100,5.14,CA,['dt']
269,fort mcmurray,56.7268,-111.381,-1.23,86,100,2.06,CA,['dt']
270,dawson creek,55.7666,-120.2362,-0.2,55,0,4.12,CA,['dt']
271,barao de cocais,-19.9458,-43.4872,17.42,98,100,0.49,BR,['dt']
272,harnai,30.1005,67.9374,14.71,33,0,3.64,PK,['dt']
273,ozernyy,55.5802,32.4127,1.52,89,100,4.33,RU,['dt']
274,taro,-8.3862,115.28,28.2,59,100,1.06,ID,['dt']
275,puerto armuelles,8.2833,-82.8667,24.49,88,99,3.58,PA,['dt']
276,mil'kovo,55.6078,37.7956,1.86,57,100,4.8,RU,['dt']
277,touros,-5.1989,-35.4608,25.61,75,4,6.48,BR,['dt']
278,kiruna,67.8557,20.2251,2.51,81,100,3.6,SE,['dt']
279,tindouf,27.6711,-8.1474,25.25,16,75,3.6,DZ,['dt']
280,kez,57.8979,53.7152,-1.99,96,99,4.43,RU,['dt']
281,schweizer-reneke,-27.1887,25.3293,18.7,54,1,4.72,ZA,['dt']
282,corner brook,48.9667,-57.9484,8.22,98,100,4.61,CA,['dt']
283,erenhot,43.6475,111.9767,-2.65,15,65,3.05,CN,['dt']
284,acarau,-2.8856,-40.12,26.05,83,6,6.65,BR,['dt']
285,puerto el triunfo,13.2833,-88.55,24.14,93,100,0.36,SV,['dt']
286,tolanaro,-25.0319,46.9987,25.04,83,20,8.23,MG,['dt']
287,ghadamis,30.1337,9.5007,17.98,38,0,3.99,LY,['dt']
288,tralee,52.2704,-9.7026,11.01,96,98,1.52,IE,['dt']
289,novo aripuana,-5.1206,-60.3797,24.32,95,96,1.35,BR,['dt']
290,vilyuchinsk,52.9306,158.4028,-8.85,69,93,2.23,RU,['dt']
291,manhumirim,-20.3578,-41.9581,18.62,99,100,1.38,BR,['dt']
292,thurso,58.5927,-3.5259,6.14,69,100,14.98,GB,['dt']
293,udachny,66.4167,112.4,-34.44,100,82,1.16,RU,['dt']
294,ormara,25.2088,64.6357,25.16,66,0,2.25,PK,['dt']
295,guarapari,-20.6667,-40.4975,22.54,92,99,3.78,BR,['dt']
296,ulladulla,-35.35,150.4667,22.01,69,74,7.54,AU,['dt']
297,timimoun,29.2639,0.231,19.21,26,0,4.63,DZ,['dt']
298,belozersk,60.0326,37.7957,1.43,97,100,7.27,RU,['dt']
299,brooks,50.5834,-111.8851,-0.01,93,10,3.09,CA,['dt']
300,nejo,9.5,35.5,14.09,84,2,0.17,ET,['dt']
301,vorkuta,67.5,64.0,-5.03,97,100,3.0,RU,['dt']
302,zhangjiagang,31.865,120.5389,19.06,88,100,3.19,CN,['dt']
303,cadale,2.7603,46.3222,25.5,76,100,4.68,SO,['dt']
304,holualoa,19.6228,-155.9522,27.13,75,0,5.14,US,['dt']
305,szczecin,53.4289,14.553,10.23,85,100,4.02,PL,['dt']
306,livingston,55.9029,-3.5226,11.26,98,75,6.69,GB,['dt']
307,polyarnyy,69.1989,33.4478,1.38,84,97,3.92,RU,['dt']
308,perry,37.2506,-83.1999,9.01,91,100,0.73,US,['dt']
309,iguatemi,-23.6803,-54.5611,23.76,66,3,3.22,BR,['dt']
310,salinopolis,-0.6136,-47.3561,26.69,75,55,6.71,BR,['dt']
311,brisas de zicatela,15.8369,-97.0419,28.29,89,40,3.09,MX,['dt']
312,cabedelo,-6.9811,-34.8339,24.37,77,1,5.15,BR,['dt']
313,sandnes,58.8524,5.7352,10.05,93,100,9.39,NO,['dt']
314,nizhneudinsk,54.9076,99.0276,-10.5,94,100,1.33,RU,['dt']
315,cole harbour,44.6724,-63.4751,6.71,92,100,6.69,CA,['dt']
316,konarka,19.9,86.1167,20.38,71,5,3.37,IN,['dt']
317,magadan,59.5667,150.8,-12.18,74,90,2.5,RU,['dt']
318,bull savanna,17.8868,-77.5902,25.0,85,100,3.09,JM,['dt']
319,horta,38.5333,-28.6333,17.79,76,98,6.26,PT,['dt']
320,aykhal,66.0,111.5,-31.65,100,93,2.25,RU,['dt']
321,bure,10.7,37.0667,13.07,82,9,1.57,ET,['dt']
322,bafoulabe,13.8065,-10.8321,30.07,33,99,0.73,ML,['dt']
323,callao,-12.0667,-77.15,21.51,77,20,4.12,PE,['dt']
324,santa rita,-7.1139,-34.9781,24.37,83,20,3.09,BR,['dt']
325,selfoss,63.9331,-20.9971,0.58,47,0,5.87,IS,['dt']
326,berdigestyakh,62.0989,126.6992,-25.82,100,100,0.65,RU,['dt']
327,miri,4.4148,114.0089,27.08,89,40,0.51,MY,['dt']
328,enewetak,11.3474,162.3373,28.23,69,3,5.9,MH,['dt']
329,turpan,42.9333,89.1667,1.21,48,0,1.27,CN,['dt']
330,al qusayr,34.5091,36.5798,13.11,68,0,0.34,SY,['dt']
331,melouza,35.98,4.1867,13.63,52,100,1.36,DZ,['dt']
332,manismata,-2.4667,111.0333,26.52,85,100,1.34,ID,['dt']
333,beoumi,7.6736,-5.5764,23.89,80,100,1.94,CI,['dt']
334,weno,7.4515,151.8468,30.97,79,100,3.09,FM,['dt']
335,taoudenni,22.6783,-3.9836,25.44,16,9,4.35,ML,['dt']
336,east tamworth,-31.0894,150.9436,27.77,39,75,2.57,AU,['dt']
337,hasaki,35.7333,140.8333,20.26,60,74,8.1,JP,['dt']
338,oranjemund,-28.55,16.4333,13.88,97,37,3.98,NA,['dt']
339,constantia,44.1833,28.65,0.39,81,9,6.09,RO,['dt']
340,smidovich,48.6,133.8167,-2.22,90,100,1.48,RU,['dt']
341,beidao,34.5686,105.8933,7.16,66,100,0.3,CN,['dt']
342,sola,-13.8833,167.55,30.37,74,40,3.09,VU,['dt']
343,saba,15.4667,-86.25,22.88,99,100,3.11,HN,['dt']
344,buala,-8.145,159.5921,29.55,69,23,2.57,SB,['dt']
345,albert lea,43.648,-93.3683,7.77,93,0,2.06,US,['dt']
346,black point,-34.6187,137.8972,30.12,21,66,11.94,AU,['dt']
347,dudinka,69.4058,86.1778,-19.24,96,100,8.28,RU,['dt']
348,yarmouth,41.7057,-70.2286,11.21,50,40,9.39,US,['dt']
349,goynuk,40.4003,30.7883,8.03,95,100,2.03,TR,['dt']
350,san clemente del tuyu,-36.3569,-56.7235,20.61,79,8,7.43,AR,['dt']
351,noshiro,40.2039,140.0242,4.46,48,0,2.1,JP,['dt']
352,sake,-1.5736,29.045,16.58,95,99,0.74,CD,['dt']
353,belyy yar,53.6039,91.3903,-1.06,64,0,7.0,RU,['dt']
354,bengkulu,-3.8004,102.2655,26.36,84,100,1.06,ID,['dt']
355,igrim,63.1906,64.4162,-3.19,96,100,4.13,RU,['dt']
356,dali,25.7,100.1833,11.68,74,2,0.2,CN,['dt']
357,lagunillas,10.1301,-71.2595,26.38,80,0,4.32,VE,['dt']
358,fuerte olimpo,-21.0415,-57.8738,27.19,37,34,0.73,PY,['dt']
359,ambodifotatra,-16.9833,49.85,25.57,78,21,4.66,MG,['dt']
360,las heras,-46.5419,-68.9359,10.62,33,80,9.34,AR,['dt']
361,yaren,-0.5472,166.916,27.77,73,32,3.3,NR,['dt']
362,santa cruz,-17.8,-63.1667,27.7,61,37,2.06,BO,['dt']
363,port macquarie,-31.4333,152.9167,21.81,84,14,4.23,AU,['dt']
364,eyl,7.9803,49.8164,26.36,68,100,6.26,SO,['dt']
365,lensk,60.7253,114.9278,-16.21,97,100,1.86,RU,['dt']
366,happy valley-goose bay,53.3168,-60.3315,2.17,100,100,5.14,CA,['dt']
367,toliara,-23.35,43.6667,25.21,74,85,2.09,MG,['dt']
368,lodwar,3.1191,35.5973,27.41,53,95,2.9,KE,['dt']
369,merritt,50.1123,-120.7942,1.85,80,9,1.79,CA,['dt']
370,dunedin,-45.8742,170.5036,10.45,74,100,2.68,NZ,['dt']
371,cidreira,-30.1811,-50.2056,21.49,85,22,10.84,BR,['dt']
372,zeya,53.75,127.2667,-12.23,76,100,2.57,RU,['dt']
373,iskateley,67.6803,53.1512,-3.91,95,100,3.93,RU,['dt']
374,klaksvik,62.2266,-6.589,3.14,66,94,22.82,FO,['dt']
375,katsuura,35.1333,140.3,20.14,70,100,8.17,JP,['dt']
376,vicuna,-30.0319,-70.7081,21.29,61,0,1.34,CL,['dt']
377,veinticinco de mayo,-35.4323,-60.1727,22.21,68,0,1.34,AR,['dt']
378,nuku'alofa,-21.1333,-175.2,27.19,83,40,6.69,TO,['dt']
379,dakhla,23.6848,-15.958,19.5,83,3,2.62,EH,['dt']
380,reedsburg,43.5325,-90.0026,5.99,82,0,0.0,US,['dt']
381,meulaboh,4.1363,96.1285,25.08,89,100,1.34,ID,['dt']
382,kununurra,-15.7667,128.7333,29.99,66,64,2.57,AU,['dt']
383,piti village,13.4626,144.6933,29.83,84,0,5.14,GU,['dt']
384,taco pozo,-25.6167,-63.2833,25.19,34,0,3.1,AR,['dt']
385,amga,60.8953,131.9608,-27.11,100,100,0.31,RU,['dt']
386,tadine,-21.55,167.8833,27.56,65,100,3.01,NC,['dt']
387,portland,45.5234,-122.6762,8.65,88,39,1.79,US,['dt']
388,bosobolo,4.1833,19.9,21.37,96,100,2.21,CD,['dt']
389,santa marta,11.2408,-74.199,28.03,76,20,3.58,CO,['dt']
390,ares,-6.1944,-35.1603,23.77,78,1,3.83,BR,['dt']
391,sandefjord,59.1312,10.2167,10.15,89,20,8.23,NO,['dt']
392,la junta,37.985,-103.5438,2.16,75,0,2.57,US,['dt']
393,assab,13.0092,42.7394,26.72,64,12,8.56,ER,['dt']
394,fortuna,40.5982,-124.1573,10.52,77,100,6.17,US,['dt']
395,la sarre,48.8002,-79.1996,0.12,78,100,1.44,CA,['dt']
396,murici,-9.3067,-35.9433,23.16,92,3,0.16,BR,['dt']
397,aasiaat,68.7098,-52.8699,-16.04,79,56,5.71,GL,['dt']
398,baiti,13.745,-14.7482,26.87,51,98,3.63,SN,['dt']
399,oros,-6.2444,-38.9136,29.03,28,3,1.5,BR,['dt']
400,al ghayzah,16.2079,52.176,23.87,77,8,2.92,YE,['dt']
401,el calafate,-50.3408,-72.2768,6.93,62,26,6.45,AR,['dt']
402,warrnambool,-38.3833,142.4833,27.1,24,100,8.36,AU,['dt']
403,nagato,34.3833,131.2,18.82,80,100,2.37,JP,['dt']
404,lockwood,45.8191,-108.4149,5.94,59,75,3.6,US,['dt']
405,eastham,41.8301,-69.9739,11.2,58,99,4.02,US,['dt']
406,razole,16.4833,81.8333,23.48,88,20,1.34,IN,['dt']
407,villa gesell,-37.2639,-56.973,19.72,72,99,8.57,AR,['dt']
408,ivdel',60.6911,60.4206,-2.54,86,100,2.88,RU,['dt']
409,yunak,38.8142,31.7322,7.12,80,99,0.47,TR,['dt']
410,smithers,54.7804,-127.1743,2.18,75,75,2.57,CA,['dt']
411,zaragoza,41.6561,-0.8773,13.25,77,100,1.03,ES,['dt']
412,yalutorovsk,56.6536,66.3006,-4.71,93,100,5.53,RU,['dt']
413,machico,32.7,-16.7667,19.45,79,75,1.03,PT,['dt']
414,mili,6.0815,171.735,27.95,75,52,4.71,MH,['dt']
415,margate,51.3813,1.3862,9.52,77,79,4.75,GB,['dt']
416,chinchilla,-26.75,150.6333,27.23,68,83,1.34,AU,['dt']
417,la passe,45.5549,-0.8967,7.73,84,67,2.83,FR,['dt']
418,namdrik,5.5994,168.1028,27.97,71,2,2.96,MH,['dt']
419,gering,41.8258,-103.6605,8.07,67,0,4.63,US,['dt']
420,malanje,-9.5402,16.341,17.43,99,100,1.26,AO,['dt']
421,goulburn,-34.75,149.7167,27.99,25,8,2.31,AU,['dt']
422,taltal,-25.4,-70.4833,16.81,84,34,1.78,CL,['dt']
423,puerto deseado,-47.7503,-65.8938,9.64,65,100,5.0,AR,['dt']
424,mayya,61.7333,130.2811,-27.1,100,100,0.87,RU,['dt']
425,kambove,-10.8764,26.5969,16.11,98,97,1.38,CD,['dt']
426,fredrikstad,59.2181,10.9298,10.38,87,40,8.75,NO,['dt']
427,indri,29.88,77.0711,16.26,49,5,2.0,IN,['dt']
428,el matama,16.7095,33.3565,27.16,35,33,4.39,SD,['dt']
429,micheweni,-4.9667,39.8333,25.87,80,100,2.97,TZ,['dt']
430,padangsidempuan,1.3667,99.2667,24.0,95,100,0.07,ID,['dt']
431,arenapolis,-14.4503,-56.8461,23.57,86,100,2.87,BR,['dt']
432,oume,35.7839,139.2431,16.67,62,100,1.54,JP,['dt']
433,tyukhtet,56.5389,89.3011,-3.83,92,100,5.03,RU,['dt']
434,egilsstadir,65.2653,-14.3948,0.95,69,75,11.32,IS,['dt']
435,skiathos,39.1623,23.4909,10.54,88,100,15.34,GR,['dt']
436,victorica,-36.2151,-65.4359,20.67,57,100,6.8,AR,['dt']
437,bousse,12.6606,-1.8922,25.58,29,6,3.68,BF,['dt']
438,chinna salem,11.65,78.9,23.43,92,100,2.27,IN,['dt']
439,mariental,-24.6333,17.9667,24.69,15,31,5.1,NA,['dt']
440,queenstown,-31.8976,26.8753,16.81,73,0,1.61,ZA,['dt']
441,treasure island,27.7692,-82.769,22.79,62,0,1.34,US,['dt']
442,myrina,39.8797,25.0742,10.87,87,100,17.81,GR,['dt']
443,nadym,65.5333,72.5167,-2.1,90,100,5.69,RU,['dt']
444,ventspils,57.3894,21.5606,9.96,93,100,6.69,LV,['dt']
445,bandarbeyla,9.4942,50.8122,26.35,72,100,7.72,SO,['dt']
446,khilok,51.3674,110.4676,-15.53,89,100,1.66,RU,['dt']
447,galle,6.0367,80.217,26.07,84,39,4.22,LK,['dt']
448,namibe,-15.1961,12.1522,22.64,85,98,1.01,AO,['dt']
449,pointe aux piments,-20.0628,57.5131,23.07,85,58,5.03,MU,['dt']
450,quincy,42.2529,-71.0023,10.77,34,0,1.54,US,['dt']
451,fort st. john,56.2499,-120.8529,-7.06,93,20,4.12,CA,['dt']
452,elmina,5.0898,-1.348,25.88,87,13,1.6,GH,['dt']
453,luanda,-8.8368,13.2343,26.0,83,40,2.06,AO,['dt']
454,lamu,-2.2717,40.902,25.78,82,71,3.24,KE,['dt']
455,armacao de buzios,-22.7469,-41.8817,23.04,91,100,6.79,BR,['dt']
456,erwin,36.1451,-82.4168,11.23,84,100,1.23,US,['dt']
457,tidjikja,18.5564,-11.4271,27.14,20,100,2.61,MR,['dt']
458,nogliki,51.8333,143.1667,-3.52,57,100,1.51,RU,['dt']
459,praia da vitoria,38.7333,-27.0667,17.14,77,40,8.19,PT,['dt']
460,ta`u,-14.2336,-169.5144,27.21,74,17,7.31,AS,['dt']
461,verkhov'ye,52.8119,37.2425,-2.98,91,18,3.82,RU,['dt']
462,mariehamn,60.0973,19.9348,8.92,81,0,4.12,AX,['dt']
463,kayangel,8.0823,134.7173,29.03,77,100,7.14,PW,['dt']
464,korla,41.7597,86.1469,2.39,59,7,2.25,CN,['dt']
465,ramshir,30.8946,49.4092,18.52,36,0,1.87,IR,['dt']
466,federacion,-31.0062,-57.8996,22.17,61,0,3.62,AR,['dt']
467,ta'izz,13.5,44.0,16.13,54,23,3.08,YE,['dt']
468,khromtau,50.2503,58.4347,-1.04,65,100,4.12,KZ,['dt']
469,ketchikan,55.3422,-131.6461,8.26,87,100,7.2,US,['dt']
470,basco,20.4487,121.9702,26.81,83,96,2.49,PH,['dt']
471,aktau,43.65,51.2,5.32,61,100,7.75,KZ,['dt']
472,minas de marcona,-15.2119,-75.1103,14.41,81,34,3.8,PE,['dt']
473,san patricio,28.017,-97.5169,21.97,67,0,3.24,US,['dt']
474,kyaikkami,16.08,97.5675,27.01,82,79,1.83,MM,['dt']
475,the pas,53.8251,-101.2541,1.01,93,100,5.66,CA,['dt']
476,mary,37.0,62.5,7.74,63,5,3.87,TM,['dt']
477,san antonio de pale,-1.4014,5.6325,26.31,82,100,3.52,GQ,['dt']
478,huai mek,16.5898,103.2355,28.12,75,14,0.9,TH,['dt']
479,wotje,9.4543,170.2367,27.93,75,100,4.11,MH,['dt']
480,barra da estiva,-13.6261,-41.3269,17.45,72,29,2.07,BR,['dt']
481,atasu,48.6814,71.6433,-11.36,90,100,1.59,KZ,['dt']
482,chabahar,25.2919,60.643,26.06,69,0,2.8,IR,['dt']
483,chinde,26.8212,87.7095,17.45,76,0,1.9,NP,['dt']
484,keningau,5.3378,116.1602,26.59,82,100,0.85,MY,['dt']
485,hammerfest,70.6634,23.6821,1.25,86,0,5.66,NO,['dt']
486,constitucion,-35.3333,-72.4167,11.82,79,100,6.98,CL,['dt']
487,pauini,-7.7136,-66.9764,23.06,92,66,0.42,BR,['dt']
488,mugia,43.1041,-9.2179,14.95,74,100,3.66,ES,['dt']
489,makokou,0.5738,12.8642,18.88,99,100,0.91,GA,['dt']
490,cartagena,10.3997,-75.5144,27.79,78,20,3.58,CO,['dt']
491,plettenberg bay,-34.0527,23.3716,15.0,86,7,2.06,ZA,['dt']
492,marrakesh,31.6315,-8.0083,19.08,59,40,1.03,MA,['dt']
493,ruidoso,33.3317,-105.673,13.08,16,0,6.69,US,['dt']
494,santa elena de uairen,4.6167,-61.1333,20.35,89,100,0.74,VE,['dt']
495,decazeville,44.5605,2.2509,6.01,86,0,1.42,FR,['dt']
496,ponta delgada,37.7333,-25.6667,18.44,72,40,6.69,PT,['dt']
497,san matias,-16.3667,-58.4,30.34,51,100,2.45,BO,['dt']
498,qui nhon,13.7667,109.2333,24.76,75,100,1.54,VN,['dt']
499,port isabel,26.0734,-97.2086,22.02,68,0,2.06,US,['dt']
500,tomatlan,19.9333,-105.25,23.74,87,6,0.85,MX,['dt']
501,camenca,48.0319,28.6978,0.51,87,39,2.24,MD,['dt']
502,inirida,3.8653,-67.9239,24.41,92,96,0.92,CO,['dt']
503,vikulovo,56.8167,70.6107,-5.74,94,100,5.47,RU,['dt']
504,shubarshi,48.5872,57.1869,0.46,64,100,3.28,KZ,['dt']
505,parauapebas,-6.0675,-49.9022,22.93,95,76,0.48,BR,['dt']
506,ratnagiri,16.9833,73.3,26.24,71,100,1.92,IN,['dt']
507,ciudad real,39.0,-4.0,10.08,91,100,2.24,ES,['dt']
508,tbeng meanchey,13.8167,104.9667,26.85,80,37,1.34,KH,['dt']
509,naze,28.3667,129.4833,24.51,85,95,1.74,JP,['dt']
510,pijijiapan,15.7011,-93.23,24.94,77,17,2.4,MX,['dt']
511,tsiombe,-25.3,45.4833,22.41,92,0,3.43,MG,['dt']
512,beysehir,37.6773,31.7246,8.32,77,83,1.86,TR,['dt']
513,tual,-5.6667,132.75,28.76,75,92,3.18,ID,['dt']
514,north bend,43.4065,-124.2243,9.95,76,75,3.09,US,['dt']
515,sadovoye,47.7764,44.5089,6.17,88,100,2.82,RU,['dt']
516,as sulayyil,20.4607,45.5779,18.21,43,0,3.1,SA,['dt']
517,silver city,32.7701,-108.2803,17.98,8,0,7.2,US,['dt']
518,arno,60.1167,18.6333,9.43,83,100,10.1,SE,['dt']
519,mont-dore,-22.2833,166.5833,27.61,67,100,5.07,NC,['dt']
520,celanova,42.153,-7.9551,10.8,84,100,1.9,ES,['dt']
521,verkh-chebula,56.0308,87.6218,-2.75,87,100,6.91,RU,['dt']
522,as samawah,31.332,45.2944,19.43,34,0,2.38,IQ,['dt']
523,sao paulo de olivenca,-3.3783,-68.8725,25.11,88,85,0.09,BR,['dt']
524,labrador city,52.9463,-66.9114,-2.68,64,75,10.73,CA,['dt']
525,bhamo,24.2667,97.2333,18.19,67,0,0.31,MM,['dt']
526,eureka,40.8021,-124.1637,10.67,84,0,2.24,US,['dt']
527,calingasta,-31.3308,-69.4078,27.26,22,2,5.88,AR,['dt']
528,leava,-14.3,-178.1667,27.37,78,100,8.75,WF,['dt']
529,severo-yeniseyskiy,60.3725,93.0408,-19.02,91,100,1.71,RU,['dt']
530,suva,-18.1416,178.4415,29.71,62,75,5.66,FJ,['dt']
531,darwin,-12.4611,130.8418,31.08,79,75,2.57,AU,['dt']
532,bahia honda,22.9036,-83.1592,23.91,82,100,3.56,CU,['dt']
533,humaita,-7.5061,-63.0208,23.12,97,100,1.41,BR,['dt']
534,muisne,0.6,-80.0333,23.82,77,76,1.99,EC,['dt']
535,prince albert,53.2001,-105.7677,-3.03,93,75,2.06,CA,['dt']
536,bamboo flat,11.7,92.7167,26.05,100,20,1.03,IN,['dt']
537,keetmanshoop,-26.5833,18.1333,24.51,17,0,3.6,NA,['dt']
538,mejit,10.2753,170.8646,28.08,75,95,3.98,MH,['dt']
539,kerikeri,-35.2268,173.9474,19.98,59,99,3.05,NZ,['dt']
540,rosarito,32.3333,-117.0333,15.54,66,13,7.03,MX,['dt']
541,beberibe,-4.1797,-38.1306,25.96,83,3,5.38,BR,['dt']
542,sinop,41.7711,34.8709,8.4,98,100,1.65,TR,['dt']
543,wuhu,31.3366,118.3755,19.49,83,100,3.68,CN,['dt']
544,lompoc,34.6391,-120.4579,13.4,68,0,9.26,US,['dt']
545,jiagedaqi,50.4167,124.1167,-10.94,72,0,4.82,CN,['dt']
546,bajna,27.9,77.6833,18.85,42,0,1.17,IN,['dt']
547,ust'-ilimsk,58.0006,102.6619,-19.7,99,28,1.55,RU,['dt']
548,paita,-5.0892,-81.1144,17.89,87,6,4.88,PE,['dt']
549,qingyuan,23.7,113.0333,25.23,82,82,2.15,CN,['dt']
550,renon - ritten,46.5415,11.4573,-0.39,53,34,1.63,IT,['dt']
551,nadbai,27.2333,77.2,19.45,40,0,0.92,IN,['dt']
552,isoka,-10.1606,32.6335,19.15,71,96,1.28,ZM,['dt']
553,menaka,15.9182,2.4022,25.45,13,4,4.96,ML,['dt']
554,phayakkhaphum phisai,15.5163,103.1937,27.0,74,100,2.43,TH,['dt']
555,arraial do cabo,-22.9661,-42.0278,23.36,91,100,8.63,BR,['dt']
556,eydhafushi,5.1033,73.0708,27.91,73,100,2.2,MV,['dt']
557,tongouson,5.0214,120.1328,27.59,81,100,1.47,PH,['dt']
558,mata-utu,-13.2816,-176.1745,27.45,79,48,8.82,WF,['dt']
559,maun,-19.9833,23.4167,22.98,68,0,2.57,BW,['dt']
560,mabaruma,8.2,-59.7833,22.91,100,87,0.73,GY,['dt']
561,beyla,8.6833,-8.6333,23.2,67,97,0.78,GN,['dt']
562,zemetchino,53.4973,42.6163,-1.79,96,89,3.03,RU,['dt']
563,salekhard,66.53,66.6019,-14.08,99,100,1.17,RU,['dt']
564,arkhangel'sk,64.5401,40.5433,-0.94,100,100,3.0,RU,['dt']
565,tamandare,-8.7597,-35.1047,24.12,83,46,1.26,BR,['dt']
566,ivolginsk,51.7492,107.2837,-15.19,78,20,2.0,RU,['dt']
567,veroia,40.5233,22.2036,5.93,96,100,1.57,GR,['dt']
568,beira,-19.8436,34.8389,24.05,78,20,1.54,MZ,['dt']
569,tecolots,32.5667,-114.9833,18.99,32,0,7.38,MX,['dt']
570,antsiranana,-12.2787,49.2917,24.62,79,18,7.49,MG,['dt']
571,rasony,55.9089,28.8126,3.36,97,100,4.61,BY,['dt']
572,rochester,43.1548,-77.6156,8.12,83,100,2.06,US,['dt']
573,tobelo,1.7284,128.0095,29.28,72,97,2.64,ID,['dt']
574,primero de mayo,-32.2552,-58.4228,23.79,57,0,3.79,AR,['dt']
575,mana,5.6592,-53.7767,26.19,85,5,5.21,GF,['dt']
